Round,Hotspot_Energy_Ratio,Coverage_Ratio,k,f
0,10.0,1.0,12,0.5
1,9.9649,1.0,12,0.4961
2,9.9401,1.0,12,0.4955
3,9.9233,1.0,12,0.4733
4,9.8984,1.0,12,0.4496
5,9.8751,1.0,11,0.4895
6,9.8444,1.0,12,0.4949
7,9.8262,1.0,12,0.4553
8,9.8022,1.0,12,0.4806
9,9.7795,1.0,12,0.4845
10,9.7589,1.0,11,0.4981
11,9.7391,1.0,12,0.4853
12,9.7101,1.0,12,0.4869
13,9.6796,1.0,12,0.4768
14,9.6685,1.0,12,0.4916
15,9.6453,1.0,12,0.4926
16,9.6274,1.0,12,0.498
17,9.5995,1.0,11,0.4988
18,9.5816,1.0,12,0.4711
19,9.5586,1.0,12,0.4926
20,9.5442,1.0,11,0.4947
21,9.5229,1.0,12,0.4949
22,9.4959,1.0,12,0.478
23,9.4748,1.0,12,0.4713
24,9.4522,1.0,12,0.4942
25,9.4188,1.0,12,0.4987
26,9.3809,1.0,12,0.4543
27,9.3427,1.0,12,0.4895
28,9.3237,1.0,12,0.4822
29,9.3109,1.0,12,0.4891
30,9.2905,1.0,11,0.468
31,9.2671,1.0,12,0.4751
32,9.2424,1.0,11,0.4992
33,9.2189,1.0,12,0.4832
34,9.1995,1.0,12,0.4993
35,9.1808,1.0,12,0.4955
36,9.1521,1.0,11,0.4962
37,9.1234,1.0,12,0.4902
38,9.1047,1.0,12,0.4881
39,9.0943,1.0,12,0.4832
40,9.0764,1.0,12,0.4683
41,9.0583,1.0,12,0.4873
42,9.0399,1.0,12,0.4721
43,9.0241,1.0,12,0.4998
44,8.9972,1.0,11,0.499
45,8.988,1.0,12,0.4866
46,8.9672,1.0,11,0.4704
47,8.9473,1.0,12,0.4853
48,8.9242,1.0,12,0.4507
49,8.8968,1.0,12,0.4815
50,8.8744,1.0,12,0.4872
51,8.8536,1.0,12,0.4876
52,8.8387,1.0,11,0.4725
53,8.8294,1.0,11,0.4988
54,8.8085,1.0,12,0.4827
55,8.786,1.0,12,0.4993
56,8.7649,1.0,12,0.4956
57,8.7383,1.0,12,0.496
58,8.7282,1.0,12,0.4935
59,8.7084,1.0,12,0.4942
60,8.6851,1.0,12,0.4966
61,8.6736,1.0,12,0.4822
62,8.6466,1.0,12,0.489
63,8.6171,1.0,12,0.4556
64,8.5966,1.0,12,0.4779
65,8.5663,1.0,12,0.479
66,8.5396,1.0,12,0.4575
67,8.5136,1.0,12,0.4889
68,8.5012,1.0,12,0.4973
69,8.4794,1.0,12,0.4663
70,8.4636,1.0,12,0.4775
71,8.4489,1.0,12,0.4978
72,8.4327,1.0,12,0.4883
73,8.4124,1.0,12,0.4665
74,8.3898,1.0,12,0.4921
75,8.3663,1.0,12,0.4627
76,8.3582,1.0,12,0.4991
77,8.3446,1.0,12,0.4968
78,8.3266,1.0,12,0.4486
79,8.3,1.0,12,0.4902
80,8.2862,1.0,12,0.4691
81,8.2631,1.0,12,0.4869
82,8.2452,1.0,12,0.464
83,8.2194,1.0,12,0.4983
84,8.1943,1.0,12,0.4765
85,8.182,1.0,12,0.4867
86,8.157,1.0,12,0.4888
87,8.1288,1.0,11,0.4963
88,8.1052,1.0,11,0.4926
89,8.0797,1.0,12,0.4841
90,8.0562,1.0,12,0.4941
91,8.0327,1.0,11,0.4855
92,8.0132,1.0,11,0.4873
93,7.9813,1.0,12,0.4797
94,7.9565,1.0,12,0.498
95,7.9342,1.0,12,0.4903
96,7.9187,1.0,12,0.4861
97,7.8934,1.0,12,0.4992
98,7.8658,1.0,11,0.4883
99,7.8461,1.0,12,0.4931
100,7.829,1.0,12,0.4552
101,7.803,1.0,12,0.4934
102,7.7463,1.0,12,0.4931
103,7.7124,1.0,11,0.4813
104,7.6881,1.0,12,0.4735
105,7.6526,1.0,12,0.4964
106,7.628,1.0,12,0.4843
107,7.6032,1.0,11,0.4942
108,7.5746,1.0,12,0.4944
109,7.5427,1.0,12,0.4955
110,7.5191,1.0,12,0.4966
111,7.4736,1.0,12,0.4854
112,7.4262,1.0,12,0.4981
113,7.3865,1.0,11,0.4687
114,7.3588,1.0,12,0.4815
115,7.3392,1.0,11,0.4994
116,7.3074,1.0,12,0.4887
117,7.2689,1.0,12,0.497
118,7.2463,1.0,12,0.498
119,7.2243,1.0,12,0.4871
120,7.1966,1.0,12,0.4977
121,7.1796,1.0,11,0.4638
122,7.1361,1.0,12,0.4899
123,7.1054,1.0,12,0.4912
124,7.078,1.0,12,0.4827
125,7.0507,1.0,12,0.4841
126,7.0253,1.0,12,0.4784
127,7.0044,1.0,12,0.4982
128,6.9788,1.0,12,0.4848
129,6.9451,1.0,12,0.4656
130,6.9087,1.0,12,0.4951
131,6.8789,1.0,12,0.4957
132,6.8365,1.0,12,0.4798
133,6.8133,1.0,12,0.487
134,6.7883,1.0,11,0.4982
135,6.7704,1.0,12,0.4989
136,6.7489,1.0,12,0.4437
137,6.7186,1.0,12,0.4707
138,6.6927,1.0,11,0.4545
139,6.6647,1.0,12,0.4939
140,6.6231,1.0,12,0.4965
141,6.6018,1.0,12,0.4736
142,6.57,1.0,12,0.4941
143,6.5477,1.0,12,0.4932
144,6.5231,1.0,11,0.4888
145,6.4983,1.0,12,0.4544
146,6.4831,1.0,12,0.4624
147,6.4442,1.0,12,0.4963
148,6.4004,1.0,12,0.4711
149,6.3629,1.0,12,0.4974
150,6.3337,1.0,12,0.4834
151,6.3078,1.0,12,0.4869
152,6.2863,1.0,12,0.4996
153,6.2647,1.0,12,0.4959
154,6.2379,1.0,12,0.4916
155,6.2181,1.0,11,0.4735
156,6.1948,1.0,12,0.4694
157,6.1806,1.0,12,0.4802
158,6.157,1.0,12,0.4733
159,6.133,1.0,12,0.495
160,6.1182,1.0,12,0.4782
161,6.101,1.0,12,0.5
162,6.0777,1.0,12,0.4739
163,6.0571,1.0,12,0.4976
164,6.0364,1.0,12,0.4928
165,6.0117,1.0,11,0.4903
166,5.9909,1.0,12,0.4729
167,5.9728,1.0,12,0.4966
168,5.9444,1.0,12,0.4985
169,5.9291,1.0,12,0.4569
170,5.9043,1.0,12,0.4899
171,5.8868,1.0,12,0.494
172,5.8681,1.0,12,0.4823
173,5.8491,1.0,12,0.4804
174,5.8231,1.0,12,0.4947
175,5.7966,1.0,12,0.4935
176,5.7685,1.0,12,0.4881
177,5.7456,1.0,12,0.4879
178,5.7174,1.0,12,0.4757
179,5.696,1.0,12,0.4917
180,5.6744,1.0,12,0.4845
181,5.6559,1.0,12,0.496
182,5.6361,1.0,12,0.4943
183,5.6044,1.0,12,0.4859
184,5.586,1.0,12,0.4842
185,5.5708,1.0,12,0.4998
186,5.5525,1.0,12,0.488
187,5.5258,1.0,11,0.4951
188,5.5065,1.0,12,0.4755
189,5.4844,1.0,12,0.468
190,5.453,1.0,12,0.4976
191,5.4389,1.0,12,0.4977
192,5.4105,1.0,11,0.4916
193,5.3784,1.0,12,0.4952
194,5.3512,1.0,12,0.4861
195,5.3271,1.0,11,0.4849
196,5.3063,1.0,12,0.4909
197,5.2836,1.0,12,0.4647
198,5.2654,1.0,12,0.4973
199,5.2387,1.0,12,0.4966
200,5.2183,1.0,11,0.4977
201,5.2005,1.0,11,0.4755
202,5.1733,1.0,12,0.4751
203,5.1552,1.0,12,0.4788
204,5.1375,1.0,12,0.4933
205,5.1174,1.0,12,0.4982
206,5.1004,1.0,11,0.4759
207,5.0771,1.0,12,0.4609
208,5.0553,1.0,12,0.4969
209,5.0246,1.0,12,0.4887
210,5.0019,1.0,12,0.4912
211,4.9822,1.0,12,0.4733
212,4.9625,1.0,12,0.4725
213,4.9418,1.0,12,0.4899
214,4.9173,1.0,12,0.4878
215,4.898,1.0,11,0.4909
216,4.8725,1.0,11,0.4975
217,4.8599,1.0,12,0.496
218,4.8348,1.0,12,0.4832
219,4.8067,1.0,12,0.4948
220,4.791,1.0,12,0.4827
221,4.7695,1.0,12,0.471
222,4.7566,1.0,12,0.4725
223,4.7397,1.0,12,0.4657
224,4.7262,1.0,12,0.4784
225,4.7165,1.0,11,0.4967
226,4.6993,1.0,10,0.4989
227,4.6723,1.0,12,0.489
228,4.6522,1.0,12,0.4941
229,4.6295,1.0,12,0.4973
230,4.6019,1.0,12,0.4991
231,4.5816,1.0,12,0.4928
232,4.5544,1.0,12,0.4973
233,4.5317,1.0,12,0.4956
234,4.5063,1.0,12,0.4828
235,4.4865,1.0,12,0.496
236,4.4533,1.0,12,0.4874
237,4.4321,1.0,12,0.494
238,4.4056,1.0,12,0.4958
239,4.3872,1.0,12,0.4759
240,4.3632,1.0,12,0.4979
241,4.3419,1.0,12,0.4947
242,4.3144,1.0,12,0.4924
243,4.2919,1.0,12,0.4925
244,4.2614,1.0,11,0.4959
245,4.2351,1.0,12,0.4852
246,4.2041,1.0,12,0.4698
247,4.1669,1.0,12,0.4919
248,4.1452,1.0,12,0.4755
249,4.1236,1.0,12,0.4983
250,4.1024,1.0,12,0.4987
251,4.0831,1.0,12,0.4917
252,4.064,1.0,12,0.4497
253,4.0357,1.0,12,0.4505
254,4.0157,1.0,11,0.4894
255,3.9878,1.0,12,0.4929
256,3.9774,1.0,12,0.4804
257,3.9528,1.0,12,0.4818
258,3.9259,1.0,11,0.4955
259,3.8963,1.0,12,0.4909
260,3.8708,1.0,12,0.4948
261,3.839,1.0,12,0.4634
262,3.8164,1.0,11,0.4934
263,3.7879,1.0,12,0.4867
264,3.762,1.0,12,0.489
265,3.7407,1.0,12,0.4893
266,3.7165,1.0,12,0.4912
267,3.6966,1.0,12,0.4953
268,3.6714,1.0,12,0.495
269,3.6544,1.0,12,0.4566
270,3.6404,1.0,12,0.4827
271,3.6235,1.0,12,0.4957
272,3.6028,1.0,12,0.4787
273,3.584,1.0,12,0.473
274,3.5584,1.0,12,0.4934
275,3.5275,1.0,11,0.4712
276,3.4976,1.0,12,0.4957
277,3.4718,1.0,12,0.4497
278,3.4527,1.0,12,0.4966
279,3.4356,1.0,12,0.4705
280,3.4192,1.0,12,0.4964
281,3.4021,1.0,12,0.4991
282,3.3755,1.0,12,0.4534
283,3.3495,1.0,12,0.4997
284,3.3309,1.0,11,0.4993
285,3.3075,1.0,12,0.4998
286,3.2905,1.0,11,0.4942
287,3.27,1.0,12,0.4948
288,3.2497,1.0,12,0.4892
289,3.228,1.0,12,0.4962
290,3.2052,1.0,11,0.4944
291,3.1825,1.0,11,0.4975
292,3.1516,1.0,12,0.4806
293,3.1354,1.0,11,0.4716
294,3.1102,1.0,12,0.4858
295,3.0963,1.0,12,0.4971
296,3.0803,1.0,12,0.4938
297,3.0618,1.0,12,0.4876
298,3.0449,1.0,11,0.4913
299,3.0181,1.0,11,0.4881
300,2.9888,1.0,11,0.4977
301,2.968,1.0,12,0.4944
302,2.9511,1.0,12,0.4894
303,2.9312,1.0,12,0.4838
304,2.9151,1.0,12,0.4892
305,2.8982,1.0,12,0.4792
306,2.8753,1.0,12,0.4779
307,2.8526,1.0,11,0.4925
308,2.8266,1.0,12,0.4908
309,2.8058,1.0,12,0.4633
310,2.7856,1.0,12,0.4987
311,2.7697,1.0,12,0.4963
312,2.7454,1.0,12,0.4974
313,2.7289,1.0,12,0.481
314,2.698,1.0,12,0.4912
315,2.6763,1.0,12,0.467
316,2.6608,1.0,12,0.495
317,2.6404,1.0,12,0.4737
318,2.6184,1.0,12,0.4761
319,2.5947,1.0,12,0.4596
320,2.5617,1.0,12,0.4867
321,2.5419,0.9997,12,0.4827
322,2.5296,0.9997,11,0.4946
323,2.5133,0.9997,11,0.4693
324,2.496,0.9997,12,0.4812
325,2.4837,0.9997,12,0.4916
326,2.4749,0.9997,12,0.4997
327,2.4603,0.9997,12,0.4889
328,2.4395,0.9997,12,0.4942
329,2.4154,0.9997,12,0.4843
330,2.3998,0.9997,12,0.4994
331,2.3874,0.9997,12,0.4935
332,2.3725,0.9997,12,0.4653
333,2.3529,0.9997,12,0.488
334,2.3431,0.9997,12,0.4832
335,2.3277,0.9997,11,0.4987
336,2.3023,0.9997,12,0.4877
337,2.2771,0.9997,12,0.4979
338,2.2627,0.9997,12,0.4831
339,2.2451,0.9997,12,0.4868
340,2.2298,0.9997,12,0.4901
341,2.2124,0.9997,12,0.4983
342,2.1948,0.9997,12,0.4995
343,2.1802,0.9997,12,0.4924
344,2.1648,0.9997,11,0.4878
345,2.1525,0.9997,12,0.4796
346,2.1374,0.9997,11,0.4963
347,2.1269,0.9997,11,0.4977
348,2.1136,0.9997,11,0.4774
349,2.1004,0.9997,12,0.4947
350,2.0917,0.9997,12,0.4842
351,2.0761,0.9997,12,0.4817
352,2.0568,0.9997,12,0.4984
353,2.0424,0.9997,12,0.497
354,2.0199,0.9997,12,0.4968
355,1.9911,0.9997,12,0.4944
356,1.9717,0.9997,11,0.4996
357,1.9542,0.9997,12,0.4844
358,1.9325,0.9997,12,0.4826
359,1.9107,0.9997,12,0.4477
360,1.8867,0.9997,12,0.4913
361,1.8651,0.9997,12,0.4833
362,1.8437,0.9997,12,0.4965
363,1.8165,0.9997,11,0.4995
364,1.8029,0.9997,12,0.4872
365,1.7734,0.9997,11,0.4835
366,1.7507,0.9997,12,0.4833
367,1.7365,0.9997,12,0.4875
368,1.7187,0.9997,12,0.4856
369,1.7039,0.9993,12,0.4821
370,1.6932,0.9993,12,0.4738
371,1.6707,0.9993,11,0.4926
372,1.6556,0.9993,12,0.4961
373,1.6444,0.9993,12,0.4809
374,1.6287,0.9993,12,0.4919
375,1.6091,0.9993,12,0.4941
376,1.5906,0.9993,12,0.4924
377,1.5814,0.9993,12,0.4864
378,1.564,0.9993,12,0.487
379,1.5482,0.999,11,0.4984
380,1.5355,0.999,12,0.4937
381,1.5127,0.999,12,0.4934
382,1.4983,0.999,12,0.4843
383,1.4886,0.999,12,0.4891
384,1.4716,0.999,12,0.4994
385,1.4629,0.9987,12,0.4838
386,1.4595,0.9987,12,0.4878
387,1.4488,0.9987,12,0.4997
388,1.4438,0.9987,11,0.4816
389,1.4356,0.9987,12,0.4983
390,1.4315,0.9987,11,0.4966
391,1.4215,0.9987,12,0.4751
392,1.4151,0.9987,12,0.4852
393,1.405,0.9987,12,0.4572
394,1.3959,0.9987,12,0.4584
395,1.3871,0.9987,12,0.4981
396,1.3828,0.9987,12,0.4806
397,1.3745,0.9987,12,0.4874
398,1.3672,0.9987,12,0.4854
399,1.3596,0.9987,11,0.488
400,1.3537,0.9987,12,0.469
401,1.3463,0.9987,12,0.4988
402,1.3434,0.9987,12,0.4987
403,1.3374,0.9987,11,0.4949
404,1.332,0.9987,12,0.4887
405,1.3299,0.9987,12,0.4829
406,1.3268,0.9987,12,0.47
407,1.3219,0.9987,12,0.488
408,1.3148,0.9987,12,0.4845
409,1.3025,0.9987,11,0.4958
410,1.2939,0.9987,12,0.4607
411,1.2857,0.9987,12,0.4893
412,1.2755,0.9987,12,0.4945
413,1.2628,0.9987,11,0.4966
414,1.2563,0.9987,11,0.4915
415,1.2446,0.9987,12,0.4974
416,1.236,0.9987,12,0.4926
417,1.2303,0.9987,12,0.4685
418,1.2272,0.9987,12,0.4741
419,1.2174,0.9987,12,0.4948
420,1.2118,0.9987,12,0.4728
421,1.2037,0.9987,12,0.4987
422,1.1994,0.9987,12,0.4899
423,1.1883,0.9987,12,0.4671
424,1.1784,0.9987,12,0.4917
425,1.1635,0.9987,12,0.4879
426,1.16,0.9987,12,0.4551
427,1.1516,0.9987,12,0.4936
428,1.1476,0.9987,12,0.4724
429,1.1404,0.9987,12,0.4767
430,1.1358,0.9987,12,0.4988
431,1.126,0.9987,12,0.4915
432,1.1175,0.9987,12,0.4991
433,1.1092,0.9987,12,0.4731
434,1.1004,0.9987,12,0.4897
435,1.0931,0.9987,12,0.4671
436,1.0816,0.9987,12,0.4944
437,1.0781,0.9987,12,0.4659
438,1.0729,0.9987,12,0.4987
439,1.0654,0.9987,12,0.4609
440,1.06,0.9987,12,0.4911
441,1.0509,0.9987,12,0.4853
442,1.0389,0.9987,12,0.4981
443,1.0334,0.9987,11,0.4833
444,1.0269,0.9987,12,0.4835
445,1.0214,0.9987,11,0.4929
446,1.0102,0.9987,12,0.4963
447,1.0063,0.9987,12,0.4848
448,0.9979,0.9987,12,0.4874
449,0.9862,0.9987,12,0.4949
450,0.9776,0.9987,12,0.468
451,0.9687,0.9987,12,0.4939
452,0.9604,0.9987,12,0.4716
453,0.9533,0.9987,12,0.4666
454,0.9434,0.9983,12,0.4786
455,0.9377,0.9983,12,0.4721
456,0.9334,0.9983,12,0.4585
457,0.9274,0.9983,12,0.482
458,0.9221,0.9983,12,0.4802
459,0.9144,0.9983,12,0.4686
460,0.9097,0.9983,12,0.4744
461,0.905,0.9983,12,0.4807
462,0.8989,0.9983,12,0.4969
463,0.8922,0.9983,12,0.4928
464,0.8847,0.9983,11,0.485
465,0.8767,0.9983,12,0.4677
466,0.8712,0.9983,12,0.4871
467,0.8646,0.9983,12,0.4828
468,0.8594,0.9983,12,0.4917
469,0.8502,0.9983,12,0.4968
470,0.8462,0.9983,12,0.4985
471,0.8376,0.9983,12,0.4979
472,0.8333,0.9983,11,0.4862
473,0.8295,0.9983,11,0.4958
474,0.8214,0.9983,11,0.4812
475,0.8125,0.9983,12,0.4781
476,0.8062,0.9983,12,0.4867
477,0.8013,0.9983,12,0.4958
478,0.795,0.9983,12,0.472
479,0.7891,0.9983,11,0.4752
480,0.7807,0.9983,12,0.4596
481,0.7718,0.9983,12,0.4877
482,0.765,0.9983,12,0.4882
483,0.7601,0.9983,12,0.4942
484,0.7541,0.998,11,0.489
485,0.7508,0.998,11,0.4983
486,0.7464,0.998,12,0.4876
487,0.7432,0.998,12,0.4834
488,0.741,0.998,12,0.4871
489,0.7384,0.998,12,0.4704
490,0.7345,0.998,12,0.493
491,0.7323,0.998,12,0.492
492,0.7295,0.998,12,0.4988
493,0.7275,0.998,12,0.4994
494,0.7252,0.998,12,0.4916
495,0.7209,0.998,12,0.4959
496,0.7196,0.998,12,0.4732
497,0.7187,0.998,12,0.4897
498,0.7167,0.998,12,0.4996
499,0.7146,0.998,12,0.4986
500,0.7112,0.998,12,0.4974
501,0.7055,0.998,12,0.4677
502,0.7012,0.998,12,0.4893
503,0.6962,0.998,12,0.4565
504,0.6892,0.998,12,0.4823
505,0.6852,0.998,12,0.489
506,0.6819,0.998,12,0.493
507,0.6784,0.998,11,0.4934
508,0.6734,0.998,12,0.4779
509,0.6684,0.998,12,0.4488
510,0.6662,0.998,12,0.4614
511,0.6586,0.998,12,0.4747
512,0.6515,0.998,12,0.4952
513,0.6474,0.998,12,0.4913
514,0.6425,0.998,12,0.4554
515,0.6356,0.998,12,0.4483
516,0.632,0.998,12,0.4778
517,0.6274,0.998,12,0.4936
518,0.6217,0.998,12,0.4956
519,0.6153,0.998,12,0.4823
520,0.6107,0.998,12,0.4907
521,0.6055,0.998,12,0.4946
522,0.6006,0.998,12,0.4812
523,0.5934,0.998,12,0.491
524,0.5858,0.998,12,0.4317
525,0.5836,0.998,12,0.4988
526,0.5775,0.998,12,0.486
527,0.5693,0.998,11,0.4954
528,0.563,0.998,12,0.4477
529,0.5607,0.998,12,0.4934
530,0.5585,0.998,12,0.4975
531,0.5542,0.998,12,0.4983
532,0.5504,0.998,12,0.4906
533,0.5431,0.998,12,0.4988
534,0.5401,0.998,11,0.477
535,0.5352,0.998,12,0.4939
536,0.5286,0.998,11,0.494
537,0.5264,0.998,12,0.4955
538,0.5251,0.998,12,0.4659
539,0.5207,0.998,11,0.4974
540,0.5177,0.998,12,0.4931
541,0.5122,0.998,12,0.4696
542,0.5059,0.998,12,0.4563
543,0.5012,0.998,12,0.4852
544,0.4974,0.998,12,0.4697
545,0.4938,0.998,12,0.4888
546,0.4902,0.998,12,0.4954
547,0.486,0.998,12,0.4716
548,0.4809,0.998,12,0.4795
549,0.4772,0.998,12,0.4688
550,0.4717,0.998,12,0.4984
551,0.4682,0.998,12,0.4488
552,0.4627,0.998,12,0.4937
553,0.46,0.998,12,0.4992
554,0.4571,0.998,11,0.4923
555,0.4517,0.998,11,0.4946
556,0.4482,0.998,12,0.4992
557,0.4452,0.998,12,0.4935
558,0.4415,0.998,11,0.498
559,0.4369,0.998,12,0.49
560,0.4343,0.998,11,0.4892
561,0.4307,0.998,12,0.4981
562,0.4257,0.998,12,0.4836
563,0.4221,0.998,12,0.4727
564,0.4172,0.998,12,0.4965
565,0.415,0.998,12,0.4935
566,0.4105,0.998,12,0.4982
567,0.404,0.998,12,0.4872
568,0.4025,0.998,12,0.4939
569,0.3985,0.998,12,0.493
570,0.3949,0.998,12,0.4906
571,0.3927,0.998,12,0.497
572,0.3892,0.9977,12,0.4946
573,0.3878,0.9977,12,0.4818
574,0.3832,0.9977,12,0.4765
575,0.3777,0.9977,12,0.4999
576,0.3733,0.9977,12,0.4907
577,0.3719,0.9977,12,0.4949
578,0.3711,0.9977,12,0.4977
579,0.3673,0.9977,12,0.4827
580,0.3659,0.9977,12,0.4657
581,0.365,0.9977,12,0.4834
582,0.363,0.9977,11,0.4984
583,0.3616,0.9977,12,0.493
584,0.3601,0.9977,12,0.4876
585,0.3575,0.9977,11,0.4763
586,0.3561,0.9977,12,0.4931
587,0.3524,0.9977,12,0.4698
588,0.3499,0.9977,11,0.4945
589,0.3482,0.9977,12,0.4964
590,0.3474,0.9977,12,0.4974
591,0.3466,0.9977,12,0.4981
592,0.3428,0.9977,12,0.4451
593,0.3379,0.9977,12,0.4873
594,0.3335,0.9977,12,0.4911
595,0.3298,0.9977,12,0.4829
596,0.326,0.9977,12,0.4847
597,0.3246,0.9977,12,0.4999
598,0.32,0.9977,12,0.4897
599,0.3177,0.9977,12,0.4605
600,0.3163,0.9977,12,0.4877
601,0.3119,0.9977,11,0.494
602,0.3111,0.9977,12,0.484
603,0.3073,0.9977,12,0.4867
604,0.305,0.9977,12,0.4572
605,0.3013,0.9977,12,0.4686
606,0.2987,0.9977,12,0.469
607,0.2949,0.9977,12,0.4682
608,0.2896,0.9977,11,0.4537
609,0.2873,0.9977,12,0.4865
610,0.2836,0.9977,12,0.4699
611,0.2822,0.9977,11,0.4829
612,0.277,0.9977,12,0.4855
613,0.2762,0.9977,12,0.4834
614,0.2748,0.9977,12,0.4788
615,0.2729,0.9977,12,0.4725
616,0.2706,0.9977,11,0.4947
617,0.2668,0.9977,11,0.4847
618,0.266,0.9977,12,0.4548
619,0.2622,0.9977,12,0.488
620,0.2614,0.9977,12,0.4886
621,0.2606,0.9977,12,0.4801
622,0.2592,0.9977,12,0.4981
623,0.2548,0.9977,12,0.4895
624,0.2497,0.9973,12,0.4918
625,0.2497,0.9973,11,0.4929
626,0.2497,0.9973,12,0.4316
627,0.2497,0.9973,12,0.4944
628,0.2497,0.9973,12,0.4926
629,0.2497,0.9973,12,0.4881
630,0.2497,0.9973,12,0.4929
631,0.2497,0.9973,12,0.496
632,0.2497,0.9973,11,0.4937
633,0.2497,0.9973,11,0.4902
634,0.2497,0.9973,12,0.4803
635,0.2485,0.9973,11,0.4927
636,0.2482,0.9973,12,0.4597
637,0.2463,0.9973,12,0.4974
638,0.2459,0.9973,12,0.4776
639,0.2433,0.9973,12,0.4942
640,0.2418,0.9973,11,0.4976
641,0.2415,0.9973,12,0.4835
642,0.2412,0.9973,11,0.4918
643,0.2406,0.9973,12,0.4987
644,0.2403,0.9973,12,0.4935
645,0.2398,0.9973,12,0.4941
646,0.2393,0.9973,12,0.4921
647,0.2387,0.9973,12,0.4982
648,0.2382,0.9973,12,0.4761
649,0.2377,0.9973,12,0.4975
650,0.2351,0.9973,12,0.4781
651,0.2335,0.9973,12,0.4912
652,0.2321,0.9973,11,0.4949
653,0.2304,0.9973,11,0.4919
654,0.23,0.9973,12,0.493
655,0.2274,0.9973,12,0.481
656,0.226,0.9973,12,0.4738
657,0.2254,0.9973,12,0.4904
658,0.225,0.9973,12,0.4998
659,0.2245,0.9973,12,0.4976
660,0.2241,0.9973,12,0.497
661,0.2238,0.9973,11,0.4836
662,0.2233,0.9973,12,0.4805
663,0.2229,0.9973,12,0.4965
664,0.2215,0.9973,11,0.4892
665,0.2201,0.9973,12,0.4942
666,0.2186,0.9973,12,0.494
667,0.214,0.9973,12,0.4979
668,0.2135,0.9973,12,0.4917
669,0.2132,0.9973,12,0.4693
670,0.2127,0.9973,11,0.4838
671,0.2075,0.9973,12,0.498
672,0.2061,0.9973,12,0.4998
673,0.2045,0.9973,12,0.4869
674,0.2026,0.9973,12,0.4944
675,0.2007,0.9973,12,0.498
676,0.1984,0.9973,11,0.4791
677,0.1979,0.9973,12,0.499
678,0.1974,0.9973,12,0.4964
679,0.197,0.9973,12,0.4989
680,0.1955,0.9973,11,0.4929
681,0.1949,0.9973,12,0.4729
682,0.193,0.9973,12,0.4771
683,0.1925,0.9973,12,0.4862
684,0.1884,0.9973,12,0.4625
685,0.1878,0.9973,12,0.4903
686,0.1852,0.9973,12,0.4864
687,0.1848,0.9973,12,0.495
688,0.1845,0.9973,12,0.4788
689,0.1842,0.9973,12,0.4946
690,0.1827,0.9973,11,0.4923
691,0.1816,0.9973,12,0.4935
692,0.1764,0.9973,12,0.4362
693,0.175,0.9973,12,0.4971
694,0.1727,0.9973,12,0.4894
695,0.1708,0.9973,12,0.4842
696,0.1694,0.9973,12,0.4849
697,0.1678,0.9973,12,0.4991
698,0.1673,0.9973,12,0.4924
699,0.1652,0.9973,12,0.4743
700,0.1638,0.9973,12,0.4885
701,0.1633,0.9973,12,0.4896
702,0.1627,0.9973,12,0.4964
703,0.1616,0.9973,11,0.4734
704,0.161,0.9973,11,0.4893
705,0.1599,0.9973,11,0.4708
706,0.1587,0.9973,11,0.4954
707,0.1573,0.9973,12,0.4942
708,0.1557,0.9973,11,0.4924
709,0.1552,0.9973,12,0.4856
710,0.1537,0.9973,12,0.4656
711,0.1533,0.9973,12,0.499
712,0.1514,0.9973,12,0.5
713,0.1495,0.9973,12,0.495
714,0.1489,0.9973,12,0.4965
715,0.1472,0.9973,12,0.4998
716,0.1458,0.9973,12,0.448
717,0.1453,0.9973,12,0.4941
718,0.1447,0.9973,12,0.4955
719,0.1428,0.9973,12,0.4981
720,0.1422,0.9973,12,0.4974
721,0.14,0.9973,12,0.4992
722,0.1396,0.9973,12,0.4979
723,0.1377,0.9973,11,0.4994
724,0.1363,0.9973,11,0.4986
725,0.1357,0.9973,12,0.4787
726,0.1352,0.9973,12,0.4916
727,0.1335,0.9973,12,0.4833
728,0.1316,0.9973,12,0.4928
729,0.131,0.9973,12,0.4889
730,0.1284,0.9973,11,0.4996
731,0.1273,0.9973,12,0.4898
732,0.1246,0.9973,12,0.4957
733,0.1241,0.9973,12,0.4765
734,0.1226,0.9973,12,0.4802
735,0.121,0.9973,11,0.4888
736,0.1198,0.9973,12,0.4833
737,0.1181,0.9973,12,0.4791
738,0.1177,0.9973,12,0.4913
739,0.1151,0.9973,11,0.4977
740,0.1148,0.9973,12,0.4845
741,0.1134,0.9973,12,0.4879
742,0.1117,0.9973,12,0.4715
743,0.1112,0.9973,12,0.4963
744,0.1085,0.9973,12,0.4975
745,0.1069,0.9973,12,0.4889
746,0.1052,0.9973,11,0.4879
747,0.104,0.9973,12,0.4932
748,0.1036,0.9973,12,0.4999
749,0.1022,0.9973,12,0.4904
750,0.1006,0.9973,12,0.499
751,0.0984,0.9973,12,0.4938
752,0.0967,0.9973,12,0.4925
753,0.0941,0.9973,12,0.4916
754,0.0925,0.9973,12,0.4785
755,0.091,0.9973,11,0.4991
756,0.0896,0.9973,11,0.4983
757,0.0881,0.9973,12,0.486
758,0.0879,0.9973,12,0.4827
759,0.0838,0.9973,12,0.4943
760,0.0807,0.9973,12,0.4985
761,0.0771,0.9973,11,0.4924
762,0.0762,0.9973,12,0.4998
763,0.0726,0.9973,12,0.4697
764,0.0714,0.9973,12,0.4885
765,0.0661,0.9973,12,0.4818
766,0.0656,0.9973,12,0.4599
767,0.0608,0.9973,12,0.4987
768,0.0582,0.9973,12,0.4939
769,0.0537,0.9973,11,0.4697
770,0.0533,0.997,12,0.4917
